{
"residence_time_mass": [
0.025277729990657586,
0.015028748438484086,
0.015589890371956414,
0.014136665833044659,
0.016742523547068965,
0.017279884362068575,
0.011608406880837502,
7.666916993889548e-05,
6.100798586090281e-05,
0.01778415212289565,
0.013913770011408498,
0.018233675512404096,
0.017035111332609945,
0.015045128869389834,
0.013538215751049442,
0.00013619693992886924,
0.0008382193148150606,
0.015607733706721262,
0.014792632060219918,
0.015556858284247145,
0.01867707910058811,
0.016192530357455062,
0.012877495640297174,
4.672888464913609e-05,
9.457564772003776e-05,
0.01334745000885021,
0.013289787548521134,
0.017342134818232637,
0.01558016619905651,
0.01777458072150562,
0.013672318647811857,
0.03329555344631607,
0.026957125572473803,
0.017306267276483964,
0.013266849258698437,
0.01562956996254361,
0.016540516713629938,
0.013954854128709325,
0.013846201170113547,
8.348180454665876e-05,
3.66234076958282e-05,
0.013810262117698476,
0.01397851105361977,
0.019687853467085858,
0.01404061828627313,
0.018507588632370432,
0.013359804999380501,
0.0293387754302224,
0.00020084437889110286,
0.015269897723056872,
0.014361270767608169,
0.01588953649405115,
0.01922061281772933,
0.016815747088413747,
0.013389313454858548,
5.3922290718648485e-05,
6.8710232530315e-05,
0.01539877321594975,
0.013991495039431421,
0.01645837430500789,
0.014538883448317495,
0.016889483452375016,
0.012950337564844643,
0.023436780340366357,
0.022257852960045562,
0.017767224592079012,
0.0140789515300631,
0.015570441235094132,
0.01823094844086037,
0.014638509042937457,
0.012948203292693382,
7.162545805334656e-05,
5.782060747885029e-05,
0.014068635001389542,
0.014694894301782519,
0.016412578311074746,
0.015224436679187301,
0.019039185902625974,
0.012781896170202955,
0.00015161638143453308,
0.033182489505541216,
0.015258579673507543,
0.013722117343093334,
0.015917954592162012,
0.020966122864080932,
0.01627596982474609,
0.013994705463309345,
4.120284063001266e-05,
9.101792556369155e-05,
0.015721065827525704,
0.013652469796277357,
0.01637508457228198,
0.014222043140932136,
0.014912875395407072,
0.013316926773548031,
0.03162458802712529,
0.026178353230027006,
0.012473916842055795,
0.014523629511079739,
0.01490214981722975
],
"residence_time_number": [
0.12221528962435922,
0.1264554954854065,
0.128232148288845,
0.1213701632582875,
0.1224979492889404,
0.13068513925312392,
0.11908632014066299,
0.09390763730532246,
0.09384116593937301,
0.13406280724541947,
0.12329004684827406,
0.12416289874311522,
0.1262851137087091,
0.1231839022690663,
0.12418854942151254,
0.0940161768292252,
0.09416510530039511,
0.12610410383565768,
0.12421048199729173,
0.12322989001243598,
0.12120799656501313,
0.12899487828241105,
0.1229788434383865,
0.09383537405575924,
0.09395695019028161,
0.12485339026660724,
0.12175409144502192,
0.12768276085661034,
0.1244145682724713,
0.1287831761904771,
0.12578403521078,
0.11652904728337893,
0.12086299015445699,
0.13223975898357182,
0.12046329106996055,
0.12553823003985562,
0.12332483558453917,
0.12351080863746934,
0.12755410567978753,
0.09392370291018844,
0.09384701641488247,
0.12457626145369305,
0.12419746130121169,
0.12164878730163257,
0.11891160852905688,
0.13001894113442708,
0.12300270667680673,
0.13070816625609272,
0.09401214685179085,
0.12919783831415854,
0.12254443837550442,
0.12401472395570796,
0.12481179455107382,
0.12592754728278505,
0.12489619210387479,
0.09383449998226022,
0.09387644895577238,
0.1308978319101045,
0.12522069639801653,
0.12032843451098785,
0.12256656908477462,
0.1271548633608522,
0.12217792113440339,
0.1252733153172951,
0.1202913186961169,
0.1337642774091881,
0.12263004283813395,
0.1246357095236095,
0.12469921979866597,
0.12373685673710777,
0.12503341521333328,
0.09388502409678667,
0.09383350625807076,
0.12552553692661944,
0.12613045658742192,
0.1166574836730529,
0.12189053220578797,
0.1301607934826816,
0.12120426196032798,
0.09402414498885751,
0.12583368778345766,
0.1273067214427066,
0.12004975305467759,
0.12607067857252036,
0.12278445497908966,
0.12678689092131673,
0.1280372378059524,
0.09383835506437166,
0.09395332426281451,
0.13021141951494558,
0.12348325936835278,
0.12250733537687361,
0.12075967311164218,
0.12573036032622384,
0.12376326732220745,
0.12124692395962805,
0.13344445420310616,
0.12030518991099613,
0.1250809858756501,
0.1230181574012887
],
"persistence_mass": [
0.02530789809704996,
0.015037314160919066,
0.015609045714829971,
0.01415169593675241,
0.016760136325439275,
0.017287594776981642,
0.011620441790735903,
0.10193163273568995,
0.08981428534049349,
0.01778572231139248,
0.013932309395863327,
0.018254389802045193,
0.017055954253684003,
0.015058532390942292,
0.013552734704656502,
0.09451149064323117,
0.10018360972794978,
0.015614579264652987,
0.014808062979761253,
0.01557545969239722,
0.018697945970033183,
0.0162059333141221,
0.012892901046668806,
0.09666334379414782,
0.09405378552608994,
0.013362068892643447,
0.01330416387951131,
0.017364499999684674,
0.015600483672616334,
0.017778366406942324,
0.013689443956489297,
0.03332757149495459,
0.026986560980144,
0.017311196063822833,
0.013281061371720906,
0.01564841980048635,
0.016560400909232373,
0.013967223808023992,
0.01386387968501923,
0.0927856490218436,
0.11507713982387918,
0.013820587170744856,
0.013994258744879104,
0.019711510362035486,
0.014056320976642044,
0.018517629106415266,
0.013375263961494206,
0.05577601626353517,
0.0921095993505897,
0.015285325573468095,
0.0143774270919256,
0.015906688790858044,
0.01924260902512638,
0.01681645136345457,
0.013405175097154975,
0.09587323487824952,
0.09855335908526373,
0.015403629003598528,
0.014008695162164905,
0.0164764065461818,
0.014555110946026958,
0.016901639893798556,
0.012963837463562007,
0.023464931512687963,
0.022280946578524224,
0.0177743132929365,
0.014094772968962492,
0.015586751961265514,
0.018254817403841175,
0.01464655867137574,
0.012963617120685663,
0.09612069501322425,
0.09998049609474176,
0.014081731619771989,
0.014710726284250242,
0.016429562236294742,
0.015241881326001345,
0.019041829914102915,
0.012796858375878876,
0.10729232616361264,
0.06579027864225583,
0.015270258349522215,
0.013737910537557813,
0.015936571199197412,
0.020990003848665183,
0.016283980134117665,
0.01401145660409212,
0.09244022951968023,
0.10308248170733696,
0.01572360186731534,
0.01366855822424268,
0.016393080301765107,
0.014236390637741321,
0.014930126239270368,
0.013331697287618962,
0.03166188199012627,
0.047638942304033656,
0.012485472069678467,
0.014541162412834124,
0.014919185774664175
],